{"cameraMode":{"drawMode":0,"name":"Shaded","section":"Shading Mode"},"sceneLighting":false,"audioPlay":false,"sceneViewState":{"m_AlwaysRefresh":false,"showFog":true,"showSkybox":false,"showFlares":true,"showImageEffects":true,"showParticleSystems":true,"showVisualEffectGraphs":true,"m_FxEnabled":false},"in2DMode":false,"pivot":{"x":-0.44299185276031496,"y":1.5548169612884522,"z":2.0558040142059328},"rotation":{"x":-0.06390653550624848,"y":0.9208353757858276,"z":-0.1707143783569336,"w":-0.3447127640247345},"size":1.2152987718582154,"orthographic":false}