{"cameraMode":{"drawMode":0,"name":"Shaded","section":"Shading Mode"},"sceneLighting":false,"audioPlay":false,"sceneViewState":{"m_AlwaysRefresh":false,"showFog":true,"showSkybox":false,"showFlares":true,"showImageEffects":true,"showParticleSystems":true,"showVisualEffectGraphs":true,"m_FxEnabled":false},"in2DMode":false,"pivot":{"x":1.8954850435256959,"y":1.9600000381469727,"z":16.15999984741211},"rotation":{"x":0.007424118462949991,"y":0.9718297123908997,"z":-0.2335089147090912,"w":0.030916497111320497},"size":0.8660253882408142,"orthographic":false}