{"cameraMode":{"drawMode":0,"name":"Shaded","section":"Shading Mode"},"sceneLighting":false,"audioPlay":false,"sceneViewState":{"m_AlwaysRefresh":false,"showFog":true,"showSkybox":false,"showFlares":true,"showImageEffects":true,"showParticleSystems":true,"showVisualEffectGraphs":true,"m_FxEnabled":false},"in2DMode":false,"pivot":{"x":-8.171919822692871,"y":1.0721873044967652,"z":6.231346130371094},"rotation":{"x":0.04803555831313133,"y":0.9388769268989563,"z":-0.14651884138584138,"w":0.30780208110809328},"size":0.5856808423995972,"orthographic":false}